Arthur Okonkwo,572
Charlie Patino,664
Omari Hutchinson,692
Salah-Eddine Oulad M'hand,693
Mika Biereth,694
Zach Awe,705
Zak Swanson,711
Viljami Sinisalo,596
Lamare Bogarde,610
Tim Iroegbunam,638
Josh Feeney,670
Philippe Coutinho Correia,681
Kaine Hayden,684
Robin Olsen,691
Benjamin Chrisene,703
Tommi O'Reilly,713
Tariqe Fosu-Henry,79
Pelenda Joshua Dasilva,82
Paris Maghoma,614
Matthew Cox,619
Maxwell Haygarth,628
Nathan Young-Coombes,640
Myles Peart-Harris,662
Christian Eriksen,699
Jason Steele,54
Haydon Roberts,560
Ed Turns,653
Marc Leonard,654
Evan Ferguson,655
Thomas McGill,688
Odeluga Offiah,712
Lewis Richardson,533
Bobby Thomas,534
Owen Dodgson,565
Sam Waller,708
Marcus Bettinelli,606
Lewis Hall,671
Harvey Vale,672
Robert Kenedy Nunes do Nascimento,690
Jarosław Jach,158
Reece Hannam,540
Scott Banks,543
Remi Matthews,561
Tayo Adaramola,709
Andy Lonergan,571
Charlie Whitaker,613
Harry Tyrer,616
Reece Welch,623
Nathan Patterson,674
Eldin Jakupovic,573
Ben Nelson,645
Lewis Brunt,646
Kristoffer Klaesson,490
Nohan Kenneh,600
Jack Jenkins,631
Kris Moore,657
Archie Gray,658
Conor Bradley,626
Owen Beck,627
Marcelo de Araújo Pitaluga Filho,656
Jarell Quansah,660
Samuel Edozie,508
Scott Carson,593
Luke Mbete,603
Joshua Wilson-Esbrand,604
Romeo Lavia,605
Cieran Slicker,615
Conrad Egan-Riley,651
Kayky da Silva Chagas,663
Tom Heaton,509
Hannibal Mejbri,706
Mark Gillespie,514
Bruno Guimarães Rodriguez Moura,697
Lucas De Bolle,707
Jacob Sørensen,327
Przemyslaw Placheta,328
Jonathan Tomkinson,643
Jon McCracken,666
Liam Gibbs,683
Harry Lewis,637
Thierry Small,667
Kgaogelo Chauke,680
Dane Scarlett,520
Emerson Aparecido Leite de Souza Junior,588
Tobi Omole,598
Brandon Austin,659
Harvey White,668
Alfie Devine,714
Kwadwo Baah,405
Robert Elliot,574
James Morris,633
Vincent Angelini,642
Samir Caetano de Souza Santos,677
Samuel Kalu,698
Jamal Baptiste,554
Ajibola Alese,644
Armstrong Oko-Flex,652
Pierre Ekwah,682
Daniel Chesters,710
Yerson Mosquera Valdelamar,446
Chem Campbell,548
James Storer,621
Hugo Bueno,635
Toti António Gomes,685
Francisco Jorge Tomás Oliveira,689
